{
  "candles": [
    {
      "timestamp": 1778596383586,
      "open": 0.78139,
      "high": 0.78139,
      "low": 0.78139,
      "close": 0.78139
    },
    {
      "timestamp": 1778596763042,
      "open": 0.78139,
      "high": 0.78139,
      "low": 0.78139,
      "close": 0.78139
    },
    {
      "timestamp": 1778596837969,
      "open": 0.78139,
      "high": 0.78139,
      "low": 0.78139,
      "close": 0.78139
    },
    {
      "timestamp": 1778597131391,
      "open": 0.78139,
      "high": 0.78139,
      "low": 0.78139,
      "close": 0.78139
    }
  ],
  "currentPrice": 0.78139,
  "timestamp": 1778597427852
}