{
  "candles": [
    {
      "timestamp": 1778596392862,
      "open": 84.991997,
      "high": 84.991997,
      "low": 84.991997,
      "close": 84.991997
    },
    {
      "timestamp": 1778596771035,
      "open": 85.133003,
      "high": 85.133003,
      "low": 85.133003,
      "close": 85.133003
    },
    {
      "timestamp": 1778596846139,
      "open": 85.164001,
      "high": 85.209999,
      "low": 85.098999,
      "close": 85.125
    }
  ],
  "currentPrice": 85.125,
  "timestamp": 1778597139368
}