{
  "candles": [
    {
      "timestamp": 1778596392862,
      "open": 84.991997,
      "high": 84.991997,
      "low": 84.991997,
      "close": 84.991997
    }
  ],
  "currentPrice": 84.991997,
  "timestamp": 1778596771035
}