{
  "candles": [
    {
      "timestamp": 1778596390527,
      "open": 4680.700195,
      "high": 4680.700195,
      "low": 4680.700195,
      "close": 4680.700195
    }
  ],
  "currentPrice": 4680.700195,
  "timestamp": 1778596769484
}