{
  "candles": [
    {
      "timestamp": 1778596390527,
      "open": 4680.700195,
      "high": 4680.700195,
      "low": 4680.700195,
      "close": 4680.700195
    },
    {
      "timestamp": 1778596769484,
      "open": 4685.799805,
      "high": 4685.799805,
      "low": 4685.799805,
      "close": 4685.799805
    }
  ],
  "currentPrice": 4685.799805,
  "timestamp": 1778596844568
}